HS_KHANANG_TT_NHANH2,TS_KHANANG_TRALAI3,CHISO_LOINHUAN_GOP4,HS_NODAIHAN5,HS_KHOANPHAITHU_TREN_TS6,HS_DONBAY7,HS_VONGQUAY_TS_NGANHAN8,TANGTRUONG_DOANHTHUTHUAN9,TONG_NO10,DOANHTHUTHUAN11
1,0.437690205,0.091553455,0.888730675,0.54869076,0.002004565,0.006603762,0.00027235,0,0
0.099045515,0.438826669,0.365130931,0,0.203635577,0.000384968,0.285315088,0.00206959,2.37194E-06,0.001637792
0.062205429,0.438322446,0.161055326,0,0.326877299,0.005583169,0.148440535,0.001706393,4.28615E-05,0.000868465
0.082050805,0.438279008,0.221992518,0,0.622159706,0.004371318,0.216808892,0.001826503,4.54623E-05,0.001534247
0.074933442,0.440284859,0.434337468,0.15958096,0.437134819,0.005605948,0.462689373,0.00190377,4.74502E-05,0.001847214
0.095899552,0.43816515,0.044496948,0,0.546743129,0.005596836,0.454331291,0.01398661,6.94177E-05,0.00343663
0.070608615,0.438607424,0.075211656,0,0.046634928,0.005733511,0.296818415,1,7.40799E-05,0.00200922
0.12905656,0.437932598,0.250935223,0,0.483120537,0.001865612,0.051376515,0.006134371,9.8582E-05,0.0009325
0.045519967,0.439128621,0.553849183,0,0.129733824,0.015120798,0.203664023,0.003767568,0.000133511,0.000965733
0.022503052,0.437856898,0.03937783,0,0,0.039492207,0.080159894,0.000412732,0.000135181,0.000224909
0.01744812,0.437957096,0.277909037,0,0.555832071,0.044355555,1,0.008966502,0.000142632,0.002804263
0.00965878,0.438051352,0.139397519,0,0.235987881,0.021988711,0.261280904,0.365338184,0.000151306,0.001055712
0.023942336,0.438143471,0.169127781,0,0.224302099,0.02039417,0.214829016,0.002225847,0.000152229,0.000911003
0.010391211,0.438095102,0.182122465,0,0.015581043,0.008034205,0.349172337,0.001805847,0.000153089,0.00179492
0.031661919,0.438028621,0.082496554,0,0.496321143,0.025970506,0.17629663,0.004901147,0.000231931,0.002879248
0.051537523,0.439322692,0.271707029,0,0.470569141,0.005596836,0.09779081,0.017443004,0.000234325,0.002314795
0.051814218,0.439322692,0.271707029,0,0.470569141,0.005596836,0.09779081,0.017443004,0.000234325,0.002314795
0.027667267,0.438640519,0.35154558,0,0.452174854,0.015968182,0.131160483,0.002592677,0.000235286,0.001379879
0.052834971,0.439857971,0.186454026,0,0.374918849,0.004410043,0.107201484,0.002248798,0.000247014,0.003260493
0.052834971,0.439654755,0.151801536,0,0.374918849,0.004410043,0.107201484,0.00262041,0.000247014,0.003785248
0.021479974,0.437943378,0.060444969,0,0.760657866,0.087866004,0.349473077,0.000980191,0.000252858,0.001316849
0.014646283,0.438095102,0.182122465,0,0.013417009,0.013480699,0.291593048,0.001805847,0.000263999,0.00179492
0.049912225,0.43780614,0.258023233,0,0.095109284,0.006624176,0.055950278,0.000805,0.000264503,0.000661334
0.024016741,0.437921454,0.133786178,0.398698129,0.520666522,0.059984328,0.396914903,0.002760792,0.00027111,0.001425733
0.024823577,0.437975322,0.182713133,0,0.353278511,0.01153536,0.119544378,0.002118743,0.000286635,0.001691593
0.071710748,0.438246872,0.197972042,0,0.860528024,0.006425997,0.077077303,0.001891339,0.000302231,0.001536378
0.011409638,0.518227787,0.163221107,0,0.216944384,0.021041098,0.124569252,0.003344317,0.00033001,0.001265302
0.050086613,0.466846072,0.087025005,0,0.469270721,0.016688003,0.307356866,0.002059836,0.000331001,0.004388608
0.006905772,0.437878644,0.028548927,0,0.072495131,0.040952351,0.297081563,0.00146694,0.000347352,0.00357805
0.109113527,0.438149182,0.071962985,0.444568755,0.022722354,0,0.208776612,0.001903005,0.000364712,0.003551258
0.040151136,0.437914386,0.420161449,0,0.657325254,0.026300803,0.046940591,0.002835382,0.000379383,0.000534624
0.025495553,0.437936151,0.109470368,0,0.421120969,0.012817826,0.318070749,0.003045956,0.00037946,0.004378852
0.016450619,0.438822599,0.095983461,0,0.506167496,0.02618463,0.251519366,0.006922923,0.000409445,0.002474438
0.034475382,0.438562437,0.325556212,0,0.629950227,0.015829229,0.119744872,0.001960574,0.00040966,0.002011008
0.007521944,0.438042921,0.137625517,0,0.299285869,0.060246288,0.154016766,0.002793497,0.000416935,0.001290779
0.01197233,0.438225074,0.047745619,0,0.194438433,0.025437474,0.233600241,0.001941639,0.000423625,0.003189008
0.025416497,0.43792332,0.083185666,0,0.554858256,0.036391965,0.159242134,0.004473114,0.000427305,0.002173968
0.058436319,0.43815214,0.158397322,0,0.078770829,0.003018237,0.174517249,0.002033442,0.000454653,0.006701588
0.017864326,0.438101779,0.202106714,0,0.395801775,0.028398763,0.388268611,0.013372485,0.000460474,0.002027719
0.025146777,0.438920858,0.202598937,0.145850285,0.297121835,0.026013786,0.129418694,0.050071798,0.000464725,0.001390759
0.043408708,0.437931122,0.154951762,0,0.641852413,0.011127613,0.6330965,0.00263571,0.000479621,0.012479624
0.035289194,0.437876175,0.232329199,0.152461351,0.709478468,0.023845211,0.070561257,0.000698087,0.000489568,0.001331448
0.024886357,0.438115193,0.191573144,0,0.033758927,0.029961412,0.106361916,0.000515055,0.000490127,0.001525811
0.040867291,0.438495876,0.084563891,0.391273393,0.033867128,0.030264375,0.374785409,0.002040328,0.000490127,0.005461469
0.014064989,0.43768411,0.112325261,0,0.053668037,0.043307714,0.05291781,0.003607677,0.000512419,0.000767062
0.035079928,0.438107642,0.04754873,0,0.223761091,0.032950036,0.531584026,0.011043359,0.000518253,0.007408307
0.02089403,0.438920858,0.202598937,0.1296786,0.245942437,0.029380544,0.121824994,0.050071798,0.000528094,0.001390759
0.052404813,0.438077472,0.147863753,0,0,0.008132155,0.155908926,0.003606338,0.000532068,0.006972969
0.025881532,0.452881338,0.200630045,0.129576892,0.291387146,0.010116219,0.273523552,0.001342049,0.000542494,0.006768435
0.020056967,0.438702812,0.182516243,0,0.169552045,0.007644682,0.713882937,0.002059262,0.000583568,0.012630001
0.0238005,0.438150598,0.227013192,0,0.301017096,0.020396448,0.252371465,0.001901666,0.000587228,0.004540274
0.023593559,0.438180073,0.336975783,0,0.015581043,0.063966123,0.105935867,0.00158112,0.000599501,0.000968669
0.022863454,0.439167275,0.080330774,0,0.576823198,0.038275801,0.40973397,0.001915054,0.00059959,0.0048865
0.015188049,0.438055151,0.119511715,0.03376729,0.337048258,0.015426038,0.128742027,0.002166366,0.000603453,0.004013979
0.052116491,0.438249566,0.12758417,0.337672905,0.619346462,0.013879334,0.115146047,0.002089289,0.000616891,0.002796212
0.023040167,0.438413698,0.1833038,0,0.420796364,0.022915822,0.114795183,0.005331284,0.000636015,0.002496331
0.028829855,0.437931618,0.175625123,0,0.174421121,0.012574089,0.057391326,0.001827841,0.000649386,0.001429761
0.020082544,0.438001865,0.108781256,0,0.507357715,0.034098105,0.378845407,0.004526284,0.000690027,0.00645412
0.00403883,0.437931287,0.542724946,0,0.801233499,0.01805703,0.006754132,8.09016E-05,0.000709498,0.000221581
0.019915131,0.438543822,0.164697775,0,0.211967107,0.011576363,0.416437979,0.002218388,0.000710986,0.013177627
0.014783468,0.437941049,0.171588895,0,0.33845488,0.048038943,0.153252384,0.012056256,0.000732746,0.001829369
0.027581236,0.437940605,0.130340618,0,0.57822982,0.018565005,0.159304788,0.003004453,0.000748754,0.004577073
0.011592872,0.437964,0.115993245,0.11357183,0.247574872,0.042752038,0.20529039,0.001933565,0.000755115,0.003385471
0.020515026,0.437951597,0.195215594,0,0.449794417,0.044057148,0.133641592,0.001264208,0.000761808,0.002697086
0.015455444,0.438021262,0.187438472,0,0.281107985,0.04567219,0.165645402,0.001954071,0.000769673,0.003814784
0.017606231,0.437943252,0.176117346,0,0.224410301,0.019136761,0.124381289,0.023452101,0.000779199,0.003279664
0.016399465,0.438129931,0.241976767,0.145545159,0.05702229,0.008829197,0.318947909,0.002051038,0.000798543,0.005344861
0.015620531,0.438086102,0.270821028,0,0.26152348,0.023009216,0.222222222,0.001934945,0.000827991,0.005241092
0.024944486,0.438209469,0.246702107,0.298006509,0.272343649,0.027255249,0.233412278,0.003549535,0.000831158,0.003519921
0.019152473,0.43791381,0.043315613,0,0.343215754,0.053533274,0.396150521,0.043618411,0.000852966,0.0058924
0.047721909,0.437921824,0.140775743,0,0.662735339,0.011063832,0.145220105,0.003884043,0.000870874,0.007305766
0.020008138,0.43838998,0.2667848,0,0.483553343,0.026530873,0.152976705,0.001468661,0.000881796,0.004698574
0.036384352,0.438919839,0.235873203,0,0.315732525,0.010769981,0.13097252,0.002758688,0.000886581,0.005013612
0.016625007,0.437963946,0.144024414,0.652156225,0.09997836,0.036934109,0.080360387,0.001212759,0.000889214,0.001495337
0.012958205,0.438230348,0.106123253,0.084316517,0.45001082,0.055952419,0.232585241,0.004526857,0.00089044,0.003285676
0.002227518,0.438020673,0.181630242,0,0.026401212,0.052052629,0.096738218,0.002929863,0.000899955,0.002022804
0.022370517,0.43782776,0.113112817,0,0.800476087,0.070777088,0.180068418,0.002321093,0.000913806,0.003105751
0.009037958,0.438020673,0.181630242,0,0.254057563,0.053888628,0.095372354,0.002929863,0.000932202,0.002022804
0.032850084,0.437950287,0.153671983,0,0.556048474,0.01149208,0.123040487,0.001520492,0.000933708,0.004309738
0.03002267,0.437934603,0.071569207,0.534682669,0.277861935,0.021020597,0.09574828,0.000698087,0.000935839,0.00539716
0.015792594,0.437975924,0.319747982,0.125101709,0.263795715,0.012346298,0.150971768,0.002145136,0.000942527,0.006341392
0.023284311,0.438935682,0.154065761,0,0.245834235,0.008457897,0.31909828,0.002581011,0.000955454,0.012361686
0.014392838,0.439725313,0.120791494,0,0.402618481,0.016480713,0.320664637,0.001916776,0.000977224,0.011598292
0.013646457,0.442063928,0.142449301,0.146663954,0.180264012,0.010590025,0.084520632,0.001862841,0.000995581,0.002846013
0.036598268,0.437937462,0.075408545,0,0.211642502,0.02462198,0.090347481,0.002869043,0.001017132,0.003025197
0.003671453,0.437837621,0.021264028,0,0.403700498,0.064774783,0.05173991,0.00302377,0.001033449,0.001039357
0.012346684,0.438305287,0.141071077,0,0.221921662,0.022414681,0.227610491,0.001860546,0.001054913,0.007713736
0.021619485,0.43792514,0.225241189,0,0.420255356,0.013954505,0.062441262,0.001082896,0.001122618,0.002635678
0.021982212,0.437919726,0.102677692,0,0.474572603,0.025610595,0.144581031,0.002705901,0.001136448,0.00422097
0.012530373,0.438974799,0.092636346,0.136187958,0.403051288,0.048767876,0.238662707,0.003048634,0.001139959,0.004188511
0.02267744,0.437922188,0.051683402,0,0.236745293,0.050476312,0.087239828,0.004838989,0.001186405,0.002265396
0.016924955,0.437933306,0.073439653,0,0.243670201,0.010751757,0.224314875,0.001848306,0.001198208,0.006801692
0.011332907,0.438233293,0.220417405,0,0.140445791,0.013022838,0.186935328,0.001735082,0.00121643,0.006868761
0.066951113,0.438116464,0.141464855,0,0.605280242,0.004564941,0.098755686,0.001958852,0.001286452,0.006751021
0.023774923,0.437947024,0.171096673,0.014544345,0.040683835,0.011945385,0.347944313,0.003004453,0.001287535,0.012349198
0.061570656,0.437966077,0.163221107,0.119812856,0.461913006,0.006847412,0.074909465,0.00148071,0.00138396,0.00541279
0.020598733,0.437920567,0.044989171,0.168836452,0.535598355,0.041423879,0.562121725,0.001619563,0.001417305,0.017111259
0.039553566,0.437959002,0.144122859,0,0.717052586,0.01564244,0.054246081,0.000639945,0.001417789,0.004829919
0.01744812,0.426753967,0,0,0.685782298,0.146130506,0.079420573,0.000595574,0.001418515,0.00254007
0.023507528,0.438378201,0.177101792,0,0.727115343,0.042275819,0.210443216,0.003019945,0.001432645,0.007683107
0.090693484,0.437936774,0.186355582,0.721826688,0.415278078,0.010569524,0.350162275,0.003354071,0.00146432,0.0096031
0.014692786,0.443883577,0.278795038,0.037530513,0.208288249,0.005717566,0.058093054,0.002340792,0.001472758,0.005545359
0.006919723,0.437878683,0.081807442,0,0.17690976,0.159763826,0.158415097,0.001955792,0.001472763,0.003840427
0.004222519,0.437932187,0.235676314,0.01962978,0.206989829,0.057515068,0.067165395,0.001208169,0.001479334,0.002193104
0.008286927,0.437978723,0.112325261,0.035191212,0.172798096,0.037437528,0.02967307,0.001153852,0.001586416,0.001099167
0.023414521,0.438760909,0.249950778,0,0.172040684,0.00198862,0.645126123,0.001397514,0.001603506,0.035873048
0.009312329,0.437858982,0.056999409,0.31682262,0.289980524,1,0.606418305,0.029030297,0.001628411,0.006955284
0.01997326,0.438028369,0.169816893,0,0,0.027590103,0.070648973,0.004301174,0.00165288,0.00357824
0.042622798,0.438022261,0.079936995,0.194365338,0.654944817,0.018467055,0.312168715,0.003260355,0.001668083,0.013881193
0.025700169,0.438329263,0.240007876,0,0.615884008,0.031991034,0.078230142,0.000344262,0.001681122,0.004507705
0.010235424,0.438071417,0.127781059,0.164971522,0.395152564,0.029986469,0.43692593,0.002222404,0.001721978,0.011528906
0.023172702,0.437766613,0.250443001,0,0.694113828,0.033505847,0.12337882,0.002836147,0.001737992,0.00658016
0.015483346,0.437940843,0.059952747,0,0.025535598,0.020583237,0.276781575,0.004007021,0.001773836,0.014719443
0.013862698,0.437898722,0.074522544,0,0.283272019,0.06955157,0.259789732,0.001790164,0.001784297,0.008694314
0.018731617,0.437940565,0.297105729,0,0.348409435,0.035530914,0.112476975,0.003523907,0.001822174,0.004276384
0.022975982,0.438615309,0.365015979,0,0.086571647,0.035705058,0.163399563,0.010015959,0.001838069,0.005703708
0.026174504,0.438038587,0.095983461,0.131611066,0.360419823,0.0227427,0.547272659,0.146421815,0.001871337,0.013051156
0.01309074,0.437913267,0.126796614,0,0.502488639,0.084510636,0.383983058,0.003970491,0.00187649,0.018443118
0.011228274,0.43812864,0.11015948,0,0.220947847,0.12216001,0.244213877,0.006261557,0.001903337,0.005855663
0.004436436,0.437701097,0.191770033,0,0.250811513,0.152449442,0.170870769,0.002146666,0.001915222,0.006341392
0.01335581,0.43788456,0.23429809,0,0.523912573,0.054954692,0.121950303,0.001493333,0.001956604,0.004039268
0.026325641,0.438031817,0.427347903,0,0.225600519,0.045111823,0.033357142,0.001494481,0.002062521,0.001412277
0.046236122,0.438031817,0.427347903,0.427888527,0.225600519,0.045111823,0.033357142,0.001494481,0.002062521,0.001412277
0.023063419,0.439334643,0.101299468,0,0.177234365,0.021043376,0.260441337,0.004406557,0.002087072,0.017149158
0.028290414,0.437929183,0.257727899,0,0.374702445,0.006776796,0.136874554,0.001438634,0.002087437,0.015394362
0.048844969,0.437929183,0.257727899,0,0.631573253,0.006776796,0.104394572,0.001438634,0.002087437,0.015394362
0.019629134,0.437919528,0.078854105,0,0.808050206,0.129465282,0.287420272,0.002073224,0.002122139,0.007891406
0.021070743,0.437930421,0.076786769,0.074145647,0.375459857,0.060271345,0.242572334,0.002891612,0.002218064,0.009641343
0.028678719,0.437988908,0.058279189,0.033563873,0.485392772,0.026827001,0.123967771,0.001304945,0.002273377,0.008565901
0.016836598,0.438296604,0.178184682,0.326993491,0.234581259,0.037241628,0.354172149,0.00185041,0.002276178,0.013405737
0.050814393,0.437850413,0.09618035,0.014849471,0.728738368,0.010107108,0.049521948,0.002155656,0.002305602,0.005032968
0.016629658,0.43683678,0.025890923,0,0.664791171,0.189533893,0.128892398,0.00280918,0.002307128,0.006647263
0.014771842,0.437966216,0.218054735,0.049837266,0.084721922,0.055911416,0.182787615,0.005673442,0.002332933,0.007877116
0.033064,0.438184851,0.188619807,0,0.482795932,0.018305323,0.103116424,0.002224317,0.002380357,0.009634088
0.025139801,0.439288981,0.128470171,0,0.594027267,0.046717753,0.229515181,0.002685437,0.002392581,0.010484981
0.019015288,0.437931096,0.120102382,0,0.687946332,0.097508417,0.260077942,0.002226229,0.002457721,0.009046373
0.037188862,0.43811027,0.272199252,0,0.478467864,0.017956802,0.074909465,0.001308579,0.002507741,0.007057922
0.007447538,0.437937945,0.209588502,0.431346623,0.004111664,0.055189317,0.221144568,0.003159371,0.002566085,0.011295326
0.007931175,0.437946746,0.046072061,0.061635476,0.227980957,0.040394261,0.286731075,0.00388959,0.002603969,0.014364842
0.035875138,0.438124921,0.029828706,0,0.738151915,0.024790546,0.548387905,0.003266284,0.002622016,0.100381115
0.010500494,0.437963979,0.128765505,0,0.304046743,0.036006998,0.062428731,0.000845546,0.00266472,0.003149558
0.020445271,0.437865527,0.150620201,0.377847844,0.484310755,0.063779334,0.137977269,0.002017186,0.002699935,0.007460756
0.008900773,0.437946746,0.046072061,0.058380797,0.272668254,0.043970588,0.278924351,0.00388959,0.002829545,0.014364842
0.040665,0.437937786,0.03721205,0.446399512,0.851006276,0.08968378,0.973071188,0.003620109,0.002879178,0.033074604
0.019131547,0.438029944,0.227702304,0,0.782190002,0.037164178,0.170820646,0.020241664,0.00289592,0.00713426
0.024509679,0.437955038,0.069994093,0.221623271,0.436702013,0.028416986,0.219352656,0.001892677,0.002956778,0.012848881
0.018164274,0.437863297,0.069895649,0,0.162951742,0.038070788,0.088906432,0.002156803,0.00301335,0.00719888
0.004952625,0.438076288,0.203288049,0.048413344,0.160787708,0.014508039,0.03976041,0.000397623,0.003041654,0.003638848
0.046938325,0.437923485,0.136247293,0,0.823414845,0.013505756,0.033394735,0.000971011,0.003053814,0.004431453
0.019189518,0.437964497,0.09225805,0,0.615329873,0.072594269,0.166070111,0.014506823,0.003107559,0.011105834
0.019045515,0.438025007,0.14609175,0,0.005518286,0.118736304,0.083781311,0.000966229,0.003109957,0.00538968
0.017659711,0.438255151,0.092045678,0,0.030188271,0.124850227,0.190105635,0.00230694,0.003110887,0.009752591
0.041213742,0.446637532,0.374680055,0.119406021,0.67690976,0.024218789,0.407265391,0.00515418,0.00313177,0.026653515
0.017238854,1,0.056211853,0.295870627,0.678749188,0.075278247,0.08741526,0.001362131,0.003160586,0.006296242
0.0198291,0.437995247,0.110553259,0.309397884,0.277320926,0.012166342,0.233976166,0.002095601,0.003171596,0.014541154
0.020073243,0.437995247,0.110553259,0.309397884,0.280999784,0.012166342,0.230542711,0.002095601,0.003171596,0.014541154
0.024842179,0.438249433,0.064874975,0.108421481,0.392988531,0.055480891,0.617282558,0.006309371,0.003236238,0.034994902
0.012630355,0.437871113,0.405788541,0.053803906,0.124540143,0.113932182,0.021152087,0.001693579,0.003282518,0.001222767
0.047814916,0.437959816,0.060740303,0,0.722138065,0.009200497,0.106900743,0.001572513,0.003298545,0.012519146
0.027813207,0.437923539,0.065041139,0,0.851918294,0.039716114,0.225986288,0.002077603,0.003354472,0.016727769
0.039972098,0.437969849,0.059952747,0.010272579,0.744319411,0.015735835,0.073343107,0.003023388,0.003361323,0.008236757
0.017620183,0.43817869,0.118822603,0,0.56989829,0.019086647,0.225379998,0.002590382,0.003438083,0.0256884
0.018699064,0.438009429,0.137330183,0,0.402402077,0.018765461,0.107640064,0.000855874,0.003446063,0.01274802
0.018699064,0.438009429,0.137330183,0,0.402402077,0.018765461,0.107640064,0.000855874,0.003446063,0.01274802
0.010814393,0.437907192,0.051978736,0.032750203,0.358039385,0.169080497,0.078117364,0.000472978,0.003470549,0.006106883
0.024144626,0.438288703,0.353416027,0.563567941,0.224410301,0.036975112,0.07645076,0.00164806,0.003498908,0.003387987
0.024144626,0.438288703,0.353416027,0.563567941,0.224410301,0.036975112,0.07645076,0.00164806,0.003498908,0.003387987
0.027678893,0.438116543,0.067532979,0.298515053,0.639904783,0.055528727,0.076951994,0.001230355,0.003675366,0.006158231
0.01712957,0.437962953,0.046564284,0,0.715645964,0.085414968,0.220994198,0.003939699,0.003702426,0.01333637
0.041236994,0.437926562,0.155050207,0.043531326,0.422527591,0.012280238,0.071012368,0.001457951,0.003718511,0.012191338
0.01831076,0.438120951,0.429415239,0.171175753,0.556914088,0.061118729,0.203977294,0.001768743,0.004054535,0.011549476
0.024743418,0.437931707,0.167801635,0.01334169,0.462125735,0.073692218,0.166808419,0.002267258,0.004262852,0.011185114
0.012049061,0.438298378,0.111340815,0,0.356740965,0.050351027,0.064496322,0.000833688,0.004296537,0.007646035
0.01143289,0.437884533,0.096771018,0.317229455,0.376109067,0.355762441,0.203313159,0.002471229,0.004514834,0.013535556
0.018031739,0.438233624,0.155837763,0,0.821575417,0.071975271,0.325050437,0.00429448,0.004520908,0.022280561
0.013111667,0.438000628,0.131620398,0,0.284678641,0.01789302,0.176484593,0.002093688,0.004743653,0.016648122
0.017817822,0.437871397,0.106812365,0,0.327418308,0.068890974,0.064308359,0.001871065,0.004923171,0.007047783
0.01937569,0.438037197,0.117149045,0.063974776,0.404782515,0.028852068,0.226181973,0.001728197,0.005158033,0.031091271
0.021933384,0.437917774,0.263733018,0,0.762064488,0.061788436,0.022317457,0.001292322,0.005237042,0.001878686
0.007549846,0.437977366,0.073931876,0.005085435,0.294957801,0.065332872,0.040386953,0.004707595,0.005282747,0.004535295
0.017045864,0.438013327,0.108289033,0,0.319519585,0.024132228,0.098830871,0.001026858,0.005298591,0.018612661
0.006598849,0.437991217,0.112620595,0,0.219757628,0.027831562,0.115722467,0.001642705,0.005331019,0.014391532
0.018901354,0.438006511,0.062906084,0.035191212,0.463968838,0.0292097,0.238349435,0.002262951,0.0053513,0.028622698
0.005096785,0.437927237,0.272691475,0,0.26347111,0.054624395,0.176020952,0.001775437,0.005428668,0.01401976
0.025586235,0.437940049,0.157019098,0,0.622159706,0.031647069,0.064959964,0.000308115,0.005473806,0.012091026
0.020142998,0.438010587,0.110947037,0,0.672473491,0.039485374,0.322431488,0.001325218,0.005810696,0.044286244
0.006394234,0.438001706,0.090962788,0,0.307292794,0.13405528,0.169818177,0.002725983,0.005888143,0.016248789
0.010177813,0.437917525,0.071326137,0,0.503126869,0.997398434,0.193969927,0.001744715,0.006039342,0.020781387
0.010739987,0.437852583,0.115672376,0,0.120103874,0.288775803,0.065035149,0.002121994,0.006042822,0.007590625
0.010739987,0.43791876,0.115672376,0,0.120103874,0.288775803,0.065035149,0.002121994,0.006042822,0.007590625
0.01831541,0.437934259,0.052569403,0,0.456070115,0.035710869,0.180005764,0.008813114,0.006070963,0.019635714
0.020147649,0.437922579,0.125418389,0,0.431075525,0.021904428,0.086663409,0.001817513,0.006082802,0.017979644
0.018071267,0.43803817,0.216085844,0.40327502,0.067517853,0.010152666,0.115070862,0.001802213,0.006191798,0.02596327
0.041336976,0.438007821,0.430990352,0.880288853,0.094351872,0.003772227,0.251143441,0.001826311,0.006244904,0.00894673
0.01936639,0.437861974,0.085548336,0,0.486474789,0.029052524,0.147463128,0.002485956,0.006320523,0.03176323
0.017810847,0.437995267,0.1415633,0,0.603657217,0.040749616,0.171722868,0.003412978,0.006591917,0.023423107
0.02201709,0.43793046,0.040952943,0,0.748431076,0.061733766,0.160420034,0.000953033,0.006722184,0.050401624
0.025128175,0.438011024,0.057983855,0,0.692599005,0.041512718,0.279375462,0.004587677,0.007143473,0.05754935
0.022386793,0.438099761,0.23085253,0.610150529,0.160787708,0.01741238,0.489217197,0.002240956,0.007459636,0.061067278
0.01031913,0.437852629,0.219334515,0,0.549448171,0.051073126,0.049922935,0.001897841,0.00748894,0.007894892
0.013227925,0.437919534,0.067040756,0,0.427613071,0.048631201,0.109369322,0.003142349,0.007739838,0.022323828
0.009079812,0.437898305,0.073341209,0.029393816,0.451850249,0.069337446,0.138904552,0.002290683,0.007785637,0.017963537
0.011674708,0.437920534,0.083677889,0.027563059,0.551828609,0.049362412,0.116411664,0.00269041,0.008260383,0.018984742
0.017773644,0.438391754,0.075113211,0,0.706989829,0.064975239,0.404170269,0.002385546,0.00892591,0.06940653
0.013502296,0.43834723,0.089781453,0,0.5,0.045376061,0.364322143,0.014591556,0.009333263,0.055109898
0.032452479,0.437930897,0.09854302,0.005187144,0.360960831,0.022145887,0.062554039,0.000943661,0.009691574,0.020588533
0.005719933,0.437908767,0.05463674,0,0.09164683,0.079900136,0.102427227,0.002032677,0.010517255,0.022185151
0.006452363,0.437856885,0.082988777,0,0.221597057,0.081175768,0.095560317,0.001680574,0.010785813,0.020593526
0.035340348,0.43791921,0.14048041,0.581468674,0.356524562,0.016332648,0.069032493,0.001613251,0.012068013,0.027299976
0.018557228,0.437928667,0.041149833,0.025020342,0.550313785,0.071711033,0.278698796,0.006074699,0.012106745,0.063450872
0.009026333,0.437925073,0.078755661,0,0.070114694,0.101553993,0.068493666,0.00144112,0.013402602,0.016531981
0.02293786,0.438779504,0.048926954,0.171989422,0.782947414,0.136164629,0.379321579,0.002454207,0.013406213,0.084601485
0.066867407,0.439421772,0.095294349,0.433787632,0.611664142,0.004667447,0.004623886,0.000728497,0.013655382,0.003939367
0.017016944,0.437929648,0.139011148,0.061245482,0.224134841,0.079117621,0.070604572,0.001451963,0.014270908,0.019928878
0.006647678,0.437920858,0.080330774,0.025732303,0.38909327,0.116376384,0.170344473,0.001215628,0.014694317,0.061048902
0.008049759,0.437917238,0.122071274,0,0.381302748,0.137797894,0.101349573,0.000892978,0.015398401,0.031512182
0.019092019,0.438047117,0.072061429,0.028071603,0.334776023,0.038448922,0.226069195,0.001728962,0.015499799,0.112953412
0.026107074,0.437947435,0.158692656,0.291903987,0.420255356,0.018120811,0.126486473,0.002516557,0.016308643,0.038370315
0.021189327,0.438046025,0.074325655,0,0.333152997,0.042332767,0.356126963,0.001727432,0.017385408,0.135668942
0.021649712,0.438046025,0.074325655,0.020545159,0.333152997,0.042332767,0.356126963,0.001727432,0.017385408,0.135668942
0.025609487,0.438037693,0.124729277,0.560313263,0.350898074,0.054925079,0.225918825,0.001106803,0.018547882,0.053149136
0.016715689,0.437943735,0.19019492,0.052278275,0.529322657,0.017874797,0.081350325,0.001491994,0.019036751,0.042676544
0.002620473,0.437987485,0.059558968,0,0.102142393,0.070424011,0.286680952,0.003115382,0.019281306,0.09248255
0.009177469,0.437996809,0.098739909,0.014442636,0.220406838,0.031262101,0.120233575,0.001421994,0.019622838,0.06100256
0.009177469,0.438026728,0.098739909,0.014442636,0.220406838,0.031262101,0.120233575,0.001421994,0.019622838,0.06100256
0.009079812,0.43796965,0.48602087,0.28539463,0.140770396,0.012086615,0.024522888,0.013741611,0.019664978,0.008497119
0.024458525,0.437936965,0.025103367,0,1,0.224385988,0.386664662,0.002768442,0.019751636,0.150311454
0.02452363,0.437981589,0.027564481,0,0.974247998,0.202363109,0.384622132,0.002768442,0.019755043,0.150311454
0.01401616,0.437919131,0.042232723,0,0.522830556,0.161096406,0.228462589,0.004750437,0.020147227,0.089106148
0.011811893,0.438019601,0.138609963,0.016883645,0.582016879,0.054134643,0.21779883,0.003898388,0.020327304,0.094303485
0.016322734,0.437921798,0.099724355,0.019528072,0.4807401,0.050963786,0.108517224,0.001391776,0.0204971,0.04692311
0.018880428,0.439719257,0.0753101,0,0.728954772,0.186545269,0.271531145,0.002723114,0.021049933,0.098881658
8.13812E-05,0.437918217,0.050502067,0,0,0.182659147,0.217310126,0.003320027,0.021454421,0.10951458
0.015850724,0.437968029,0.080429218,0.042412531,0.464834451,0.04170634,0.182662306,0.001625683,0.021620846,0.09962227
0.007159216,0.437919117,0.539673164,0.846419854,0.001839429,0.002134406,0.199165445,0.002017951,0.022996489,0.01651559
0.00906121,0.438064336,0.0998228,0.097945484,0.363016663,0.162955184,0.162612934,0.002332568,0.023081133,0.076921697
0.008851944,0.437932565,0.069403426,0.007017901,0.00064921,0.181089663,0.218989261,0.001597568,0.023201493,0.09691264
0.005122362,0.437999172,0.100118133,0.046887714,0.621835101,0.008790473,0.109945741,0.002574508,0.024062901,0.037671213
0.019326862,0.437951286,0.034455601,0,0.860311621,0.251313218,0.310502111,0.015992321,0.02412217,0.092014138
0.012469918,0.437943054,0.097657019,0,0.48138931,0.043524116,0.119506785,0.001398087,0.025149469,0.078736376
0.014476545,0.457650131,0.177003347,0.000711961,0.454988098,0.02046023,0.178251444,0.003458114,0.025656717,0.160886015
0.003664477,0.437988233,0.149635755,0.543938161,0.276563514,0.058392066,0.132601531,0.002980164,0.026401713,0.061076026
0.002274022,0.437988193,0.149635755,0.348352319,0.276563514,0.058414845,0.132601531,0.002980164,0.026404478,0.061076026
0.021203278,0.437856825,0.182417799,0.013832384,0.760008656,0.105779525,0.033733068,0.002999289,0.026560931,0.016982405
0.009940127,0.437926165,0.052175625,0.235557364,0.341159922,0.121551807,0.23827425,0.002275,0.027025731,0.096503538
0.018743242,0.437972079,0.091455011,0,0.695628652,0.049467196,0.166322068,0.001841421,0.027352022,0.100867068
0.018731617,0.437959155,0.064776531,0.016171684,0.548798961,0.113456098,0.215505683,0.002127732,0.028278618,0.118433714
0.005182817,0.437854059,0.06950187,0,0,0.247194748,0.142275353,0.002517896,0.029555136,0.06131172
0.004638726,0.438291879,0.145697972,0.638730675,0.130491236,0.082868259,0.070849467,0.000914973,0.029646565,0.03465123
0.015771668,0.437924213,0.074030321,0.013425549,0.534949145,0.075182575,0.159079233,0.003350246,0.029920697,0.084565481
0.006638377,0.437996789,0.334514668,0.336248983,0.23912573,0.022141331,0.04940917,0.001368442,0.030175531,0.00769257
0.015883276,0.437952874,0.141267966,0,0.464293443,0.02830309,0.064746939,0.000668825,0.030236702,0.046054665
0.014511422,0.437964429,0.09746013,0.063974776,0.37243021,0.029583278,0.194403719,0.00326112,0.030672937,0.115385408
0.022854153,0.437945906,0.084957669,0.221521562,0.870698983,0.28678035,0.109381853,0.000870601,0.030850103,0.063965711
0.014850898,0.437908039,0.079641662,0,0.536463969,0.070494626,0.121286167,0.002581202,0.031152172,0.06559477
0.023219206,0.438929223,0.205060051,0.204943043,0.285111448,0.016180028,0.200894703,0.002518852,0.031546822,0.219895301
0.002371679,0.43793629,0.228686749,0.166497152,0.349491452,0.016070688,0.137626405,0.000735574,0.032269402,0.055260365
0.011047351,0.437918262,0.067373011,0,0.18684715,0.307206652,0.176495049,0.001590477,0.034601045,0.096508579
0.018833924,0.438125874,0.090765899,0.008136697,0.687729929,0.070371619,0.181421751,0.002425519,0.035297672,0.127788026
0.0505749,0.437932876,0.253593227,0.65408869,0.275373296,0.007498895,0.027379923,0.001025519,0.036692422,0.028800656
0.022693716,0.437967751,0.087911006,0.004882018,0.379787925,0.07409601,0.140232823,0.001423716,0.037628349,0.089680825
0.008914724,0.437916239,0.192065367,0.513934093,0.12886821,0.014776833,0.287708482,0.002905,0.040348907,0.073830635
0.016766843,0.437937872,0.0580823,0,0.228089158,0.016328093,0.158615591,0.00150653,0.041383681,0.152312755
0.018041039,0.43794175,0.090076787,0,0.253732958,0.016457934,0.153515532,0.002577568,0.04154727,0.181894585
0.018547928,0.437943755,1,0,0.891581909,0.507025089,0.116837713,0.001326175,0.041792517,0.0009151
0.0052828,0.437921473,0.037704272,0,0.315624324,0.271367979,0.092853652,0.002330464,0.04500667,0.083854522
0.006533744,0.437927178,0.032683599,0,0.484851764,0.554000246,0.082164831,0.000988415,0.045764156,0.066108703
0.011416613,0.438631255,0.133097066,0.734438568,0.419930751,0.024057057,0.239026102,0.015005053,0.046346094,0.127310777
0.011416613,0.438631255,0.133097066,0.734438568,0.419930751,0.024057057,0.364184304,0.015005053,0.046346094,0.127310777
0.007859094,0.437948527,0.218645403,0.429515867,0.106362259,0.016498936,0.242584865,0.002297759,0.049307583,0.136242788
0.007924199,0.437920104,0.186552471,0.361167616,0.122700714,0.019296215,0.159943862,0.001530054,0.052245936,0.092775072
0.007924199,0.437920434,0.186552471,0.361167616,0.122700714,0.019296215,0.159943862,0.001530054,0.052245936,0.092775072
0.07590304,0.437923055,0.161449104,0.488405207,0.624323739,0.005895243,0.040863125,0.002451721,0.060333542,0.088372867
0.013844097,0.437927171,0.277909037,0.59591131,0.159489288,0.028626554,0.015337769,0.002013934,0.061413714,0.024171467
0.022684416,0.497557278,0.400964757,0.530410903,0.22051504,0.027300808,0.042178865,9.04645E-05,0.062345937,0.04316689
0.008291577,0.437940618,0.128371727,0.152156225,0.46667388,0.089405874,0.101499944,0.001455847,0.063972771,0.133760163
0.005531593,0.437891925,0.113998819,0,0.317139147,0.145456244,0.144543438,0.002261038,0.066209268,0.169729917
0.016834273,0.438074183,0.082594999,0.014035801,0.628651807,0.070959321,0.265466211,0.003408579,0.067000342,0.326342352
0.041901994,0,0.107599921,0.606489015,0.63395369,0.079859134,0,0.092858815,0.068538299,0.000901987
0.019801197,0.438043127,0.159480213,0.154597234,0.867777537,0.041770122,0.072290515,0.002407923,0.069697597,0.081118579
0.016764518,0.43794449,0.049025399,0.10770952,0.454338888,0.043829357,0.138929614,0.001865901,0.071207854,0.237153847
0.044348079,0.438112983,0.557294743,0.624389748,0.227872755,0.033068488,0.029434984,0.00188541,0.075388731,0.039092158
0.01454165,0.437928779,0.146879307,0.351606998,0.274074876,0.064701889,0.060361139,0.001905874,0.090663822,0.097637072
0.018028783,0.437957634,0.064035525,0.011803874,0.694113123,0.094153957,0.196441995,0.002054788,0.094730079,0.379179452
0.025186305,0.464044721,0.538984052,0.296277461,0.557346895,0.040637998,0.035073869,0.0013453,0.097458303,0.037751176
0.00270883,0.437988868,0.391415633,0.122152156,0.717268989,0.121494859,0.035048808,0.001159208,0.098563567,0.068173305
0.024418997,0.437920017,0.181334908,0.605065094,0.581475871,0.081765748,0.079834091,0.001359453,0.108116012,0.117846497
0.013583677,0.437956428,0.291199055,0.424938975,0.486799394,0.081963927,0.05875719,0.002030191,0.112001781,0.130958859
0.075675173,0.437926734,0.191277811,0.74054109,0.487881411,0.017120807,0.019610792,0.000647596,0.1270921,0.047667817
0.003162239,0.440729502,0.081216775,0.14625712,0.198982904,0.151766067,0.300815759,0.001349891,0.128160924,0.193479377
0.019787246,0.43965404,0.534061823,0.185414972,0.008764337,0.022667529,0.05818077,0.002020628,0.129914135,0.115795712
0.019787246,0.44172622,0.534061823,0.185414972,0.008764337,0.022667529,0.05818077,0.002020628,0.129914135,0.115795712
0.016376213,0.437949744,0.700630045,0.218673718,0.359013201,0.045004761,0.00350864,0,0.129926102,0.011543016
0,0.437870365,0.749556999,0.7546786,0.000324605,0.098877444,0.047479418,0.00529724,0.149905143,0.002139866
0.012460617,0.43789352,0.165189998,0.241151343,0.349599654,0.034414735,0.049183615,0.001140656,0.174174801,0.131027671
0.020959135,0.437929514,0.224158299,0.197823434,0.559294525,0.025874833,0.005087528,0.000595574,0.186670975,0.017183521
0.303909783,0.437793997,0.989564875,1,0.181778836,0.015246083,0.000977407,8.39617E-05,0.205250567,0.002289065
0.30406557,0.437793997,0.989564875,1,0.181887037,0.015252917,0.000977407,8.39617E-05,0.205250567,0.002289065
0.246187293,0.437812778,0.535440047,0.998372661,0.117398831,0.015307587,0.001954814,0.000182842,0.205582801,0.003578738
0.015348486,0.437941419,0.094999016,0.432567128,0.341809132,0.106761306,0.240329311,0.003495792,0.205626705,0.562664835
0.001053305,0.438073575,0.813053751,0.664462978,0.034840944,0.033357783,0.43107402,0.001484344,0.207482689,0.12031731
0.014316108,0.437927998,0.115672376,0.446501221,0.335317031,0.216167272,0.163201885,0.001452787,0.209728539,0.301490187
0.000504563,0.438022645,0.580626108,0.890358015,0.035381952,0.034993326,0.605578738,0.00149735,0.216206573,0.145711788
0.038979248,0.437934285,0.167946446,0.549837266,0.593919065,0.064859065,0.077240204,0.002148962,0.249035964,0.336907168
0.01361926,0.437934771,0.095307313,0.327772529,0.388235339,0.133273656,0.206128932,0.003514006,0.250732214,0.565505676
0.047880021,0.437955495,0.522248474,0.611167616,0.721597057,0.205499797,0.005952157,0.001896694,0.252533249,0.022895447
0.008856595,0.437960372,0.531797598,0.248169243,0.315083315,0.150980187,0.035863313,0.005674972,0.252940388,0.097879278
0.032696623,0.437926271,0.2413861,0.490032547,0.591863233,0.063271359,0.058381264,0.0034453,0.33002735,0.298262717
0.014183573,0.438262192,0.136936405,0.028478438,0.236096083,0.00779958,0.005501046,0.002118743,0.374698746,0.022640125
0.07761902,0.437983938,0.674936011,0.751627339,0.310647046,0.011744928,0.052416576,0.004168633,0.480853895,0.298647602
0.02293786,0.437987736,0.688127584,0.749491456,0.067085047,0.011767707,0.102339511,0.004140327,0.482229593,0.29666554
0.02293786,0.437989338,0.688127584,0.749491456,0.067085047,0.011767707,0.102339511,0.004140327,0.482229593,0.29666554
0.049212347,0.437987736,0.688127584,0.747355574,0.189352954,0.011804154,0.068644036,0.004140327,0.48357339,0.29666554
0.023421496,0.438124465,0.267277023,0.689788446,0.183077256,0.010494353,0.011014624,0.004135163,0.492824202,0.050133551
0.009823868,0.437990509,0.130537507,0.051159479,0.622159706,0.191540736,0.053857624,0.006630491,0.515678783,0.362751667
0.019257106,0.437958758,0.252313448,0.770748576,0.111447739,0.119062046,0.027931281,0.00418642,0.520744559,0.037069846
0.022368192,0.43789172,0.096967907,0.456977217,0.404998918,0.127683953,0.12059697,0.022882921,0.584042481,1
0.01639249,0.437998371,0.153573538,0.739320586,0.306859987,0.155290001,0.057240956,0.008525081,0.662077476,0.167249016
0.052337383,0.437921546,0.537113605,0.931550041,0.065570223,0.026027453,0.062967558,0.001402677,1,0.232303602
